จังหวัด,รัฐ/เอกชน,โรงพยาบาล,latitude,longitude,google_maps_url
กรุงเทพมหานคร,รัฐ,คณะแพทยศาสตร์วชิรพยาบาล มหาวิทยาลัยนวมินทราธิราช,13.7808145,100.5086484,"https://www.google.com/maps/search/?api=1&query=13.7808145,100.5086484&query_place_id=ChIJP2VYjF-Z4jARid69ULXxpAI"
กรุงเทพมหานคร,รัฐ,ทัณฑสถานโรงพยาบาลราชทัณฑ์,13.8504249,100.5533096,"https://www.google.com/maps/search/?api=1&query=13.8504249,100.5533096&query_place_id=ChIJn02-wuec4jAREGY5R-AZ1L0"
กรุงเทพมหานคร,รัฐ,โรงพยาบาลกลาง,13.7465459,100.5092822,"https://www.google.com/maps/search/?api=1&query=13.7465459,100.5092822&query_place_id=ChIJCZJNzTyZ4jAR7CE9GYZLvSo"
กรุงเทพมหานคร,รัฐ,โรงพยาบาลจุฬาภรณ์,13.8813307,100.5784954,"https://www.google.com/maps/search/?api=1&query=13.8813307,100.5784954&query_place_id=ChIJ6-PYNpyD4jAR70IzDGkVoAs"
กรุงเทพมหานคร,รัฐ,โรงพยาบาลจุฬาลงกรณ์สภากาชาดไทย,13.7323844,100.5357643,"https://www.google.com/maps/search/?api=1&query=13.7323844,100.5357643&query_place_id=ChIJ4ccniimf4jARwPXi46NPWNs"
กรุงเทพมหานคร,รัฐ,โรงพยาบาลเจริญกรุงประชารักษ์,13.6944514,100.4946298,"https://www.google.com/maps/search/?api=1&query=13.6944514,100.4946298&query_place_id=ChIJZavoFYOY4jAR_hy573oMpIM"
กรุงเทพมหานคร,รัฐ,โรงพยาบาลตากสิน,13.7304755,100.5086438,"https://www.google.com/maps/search/?api=1&query=13.7304755,100.5086438&query_place_id=ChIJwcYDEd6Y4jARAVqbFnvQ9oQ"
กรุงเทพมหานคร,รัฐ,โรงพยาบาลตำรวจ,13.7426433,100.5385645,"https://www.google.com/maps/search/?api=1&query=13.7426433,100.5385645&query_place_id=ChIJW6L7P9Ce4jARHxYOnmJgYhc"
กรุงเทพมหานคร,รัฐ,โรงพยาบาลนคราภิบาล,13.7226011,100.7840688,"https://www.google.com/maps/search/?api=1&query=13.7226011,100.7840688&query_place_id=ChIJC7ISNohnHTER6ByCOiHdIho"
กรุงเทพมหานคร,รัฐ,โรงพยาบาลนพรัตนราชธานี (สธ),13.8157061,100.6880001,"https://www.google.com/maps/search/?api=1&query=13.8157061,100.6880001&query_place_id=ChIJWebIlp9jHTERwEQMPbMAAQ8"
กรุงเทพมหานคร,รัฐ,โรงพยาบาลผู้สูงอายุบางขุนเทียน,13.573052,100.4233985,"https://www.google.com/maps/search/?api=1&query=13.573052,100.4233985&query_place_id=ChIJEUO0Djy74jARlZr27xy6K3I"
กรุงเทพมหานคร,รัฐ,โรงพยาบาลพระมงกุฎเกล้า,13.76773,100.534366,"https://www.google.com/maps/search/?api=1&query=13.76773,100.534366&query_place_id=ChIJVfT4QbKe4jAR2O4ylLmd5FI"
กรุงเทพมหานคร,รัฐ,โรงพยาบาลภูมิพลอดุลยเดช,13.9092514,100.6178965,"https://www.google.com/maps/search/?api=1&query=13.9092514,100.6178965&query_place_id=ChIJQRJv6YGC4jAREEMMPbMAAQ8"
กรุงเทพมหานคร,รัฐ,โรงพยาบาลราชพิพัฒน์,13.7305052,100.3669313,"https://www.google.com/maps/search/?api=1&query=13.7305052,100.3669313&query_place_id=ChIJEyOsBmaW4jARLcT-nfffizI"
กรุงเทพมหานคร,รัฐ,โรงพยาบาลราชวิถี,13.7643024,100.5367956,"https://www.google.com/maps/search/?api=1&query=13.7643024,100.5367956&query_place_id=ChIJb8ANw7Oe4jARueEOtUVoE0o"
กรุงเทพมหานคร,รัฐ,โรงพยาบาลรามาธิบดี มหาวิทยาลัยมหิดล,13.7660775,100.5267631,"https://www.google.com/maps/search/?api=1&query=13.7660775,100.5267631&query_place_id=ChIJ_aGaqU2Z4jARz2tFjzmb3cQ"
กรุงเทพมหานคร,รัฐ,โรงพยาบาลเลิดสิน (สธ),13.7221964,100.5173902,"https://www.google.com/maps/search/?api=1&query=13.7221964,100.5173902&query_place_id=ChIJnbCResWY4jAR4cmKsontRGE"
กรุงเทพมหานคร,รัฐ,โรงพยาบาลเวชการุณย์รัศม์,13.8568125,100.8590321,"https://www.google.com/maps/search/?api=1&query=13.8568125,100.8590321&query_place_id=ChIJL0yrnyduHTERdLLleLPOayA"
กรุงเทพมหานคร,รัฐ,โรงพยาบาลศิริราช,13.7568186,100.4835109,"https://www.google.com/maps/search/?api=1&query=13.7568186,100.4835109&query_place_id=ChIJR_CqvwqZ4jARwnjxQfzdCp0"
กรุงเทพมหานคร,รัฐ,โรงพยาบาลสมเด็จพระปิ่นเกล้า (กห),13.7101188,100.4868259,"https://www.google.com/maps/search/?api=1&query=13.7101188,100.4868259&query_place_id=ChIJVVXF_oqY4jARC6rhS2Jyjvw"
กรุงเทพมหานคร,รัฐ,โรงพยาบาลสิรินธร,13.7179812,100.707137,"https://www.google.com/maps/search/?api=1&query=13.7179812,100.707137&query_place_id=ChIJQ6I6WdJgHTERBWLiq2EiS-k"
กรุงเทพมหานคร,รัฐ,โรงพยาบาลหลวงพ่อทวีศักดิ์ ชุตินธโร อุทิศ,13.6559905,100.3451606,"https://www.google.com/maps/search/?api=1&query=13.6559905,100.3451606&query_place_id=ChIJS0MYuX6-4jARqvmh4kA08fc"
กรุงเทพมหานคร,เอกชน,โรงพยาบาลนวมินทร์ 9,13.8113417,100.7237556,"https://www.google.com/maps/search/?api=1&query=13.8113417,100.7237556&query_place_id=ChIJe_CcsGRkHTERG--X8tRP1Xo"
กรุงเทพมหานคร,เอกชน,โรงพยาบาลนวมินทร์,13.8112195,100.7216146,"https://www.google.com/maps/search/?api=1&query=13.8112195,100.7216146&query_place_id=ChIJzaa60WVlHTERy2-Pe8fPIWA"
กรุงเทพมหานคร,เอกชน,โรงพยาบาล ไอเอ็มเอช ธนบุรี,13.6776854,100.4985685,"https://www.google.com/maps/search/?api=1&query=13.6776854,100.4985685&query_place_id=ChIJU6mCy2-i4jARBGBt8-vTa3I"
กรุงเทพมหานคร,เอกชน,โรงพยาบาล เอสเอ็มเอ สีลม,13.772884,100.6307296,"https://www.google.com/maps/search/?api=1&query=13.772884,100.6307296&query_place_id=ChIJK02o0w9iHTERPj6fKTAoN-Y"
กรุงเทพมหานคร,เอกชน,โรงพยาบาลเกษมราษฎร์ บางแค,13.710611,100.3986326,"https://www.google.com/maps/search/?api=1&query=13.710611,100.3986326&query_place_id=ChIJDyPFbMyX4jAR_4Mr-VoMk_g"
กรุงเทพมหานคร,เอกชน,โรงพยาบาลเกษมราษฎร์ รามคำแหง,13.7796526,100.6763046,"https://www.google.com/maps/search/?api=1&query=13.7796526,100.6763046&query_place_id=ChIJixB6ptdjHTERCP0xlh2GNV8"
กรุงเทพมหานคร,เอกชน,โรงพยาบาลเกษมราษฎร์ ประชาชื่น,13.8318577,100.5388777,"https://www.google.com/maps/search/?api=1&query=13.8318577,100.5388777&query_place_id=ChIJa1W74ced4jARo8hDLfMQohA"
กรุงเทพมหานคร,เอกชน,โรงพยาบาล บี.แคร์ เมดิคอลเซ็นเตอร์,13.9436441,100.6245672,"https://www.google.com/maps/search/?api=1&query=13.9436441,100.6245672&query_place_id=ChIJfSA2vPZ9HTERXuNYGTOJxv4"
กรุงเทพมหานคร,เอกชน,โรงพยาบาล เปาโล โชคชัย 4,13.8019068,100.596148,"https://www.google.com/maps/search/?api=1&query=13.8019068,100.596148&query_place_id=ChIJgUk-6b-d4jARmETTZMKJXGc"
กรุงเทพมหานคร,เอกชน,โรงพยาบาล พีเอ็มจี,13.6516984,100.4220017,"https://www.google.com/maps/search/?api=1&query=13.6516984,100.4220017&query_place_id=ChIJ1edQNiG94jARz-5cbOV-DMs"
กรุงเทพมหานคร,เอกชน,โรงพยาบาล โรงพยาบาลมงกุฎวัฒนะ,13.8940314,100.5616764,"https://www.google.com/maps/search/?api=1&query=13.8940314,100.5616764&query_place_id=ChIJ8yD9SyKD4jARpBeTmKSVIgA"
กรุงเทพมหานคร,เอกชน,โรงพยาบาลกล้วยน้ำไท,13.7139515,100.5876303,"https://www.google.com/maps/search/?api=1&query=13.7139515,100.5876303&query_place_id=ChIJ80PIlryf4jARylxYtr10tDA"
กรุงเทพมหานคร,เอกชน,โรงพยาบาลบางนา 1,13.6668249,100.6355092,"https://www.google.com/maps/search/?api=1&query=13.6668249,100.6355092&query_place_id=ChIJm6btGexfHTERspnx-FpGRko"
กรุงเทพมหานคร,เอกชน,โรงพยาบาลเปาโล เกษตร,13.8354167,100.5741868,"https://www.google.com/maps/search/?api=1&query=13.8354167,100.5741868&query_place_id=ChIJ1W0WUv2c4jARBIHnnEm3V_A"
กรุงเทพมหานคร,เอกชน,โรงพยาบาลแพทย์ปัญญา,13.7438941,100.6074312,"https://www.google.com/maps/search/?api=1&query=13.7438941,100.6074312&query_place_id=ChIJycK2uzqe4jARtiGWaZ2uFAU"
กรุงเทพมหานคร,เอกชน,โรงพยาบาลมิตรประชา,13.7120791,100.4318653,"https://www.google.com/maps/search/?api=1&query=13.7120791,100.4318653&query_place_id=ChIJG4SzsPOX4jARKs3nsfIBkgI"
กรุงเทพมหานคร,เอกชน,โรงพยาบาลราษฎร์บูรณะ,13.6778719,100.502859,"https://www.google.com/maps/search/?api=1&query=13.6778719,100.502859&query_place_id=ChIJA9Ni8m2i4jARhyKW_T0e1cI"
กรุงเทพมหานคร,เอกชน,โรงพยาบาลลาดพร้าว,13.7782049,100.6238742,"https://www.google.com/maps/search/?api=1&query=13.7782049,100.6238742&query_place_id=ChIJq6IIvQFiHTEROjKzikjBCME"
กรุงเทพมหานคร,เอกชน,โรงพยาบาลศิครินทร์ กรุงเทพ,13.6547311,100.646385,"https://www.google.com/maps/search/?api=1&query=13.6547311,100.646385&query_place_id=ChIJG7JWPbxfHTERL9GsCiavNRo"
กรุงเทพมหานคร,เอกชน,โรงพยาบาลบางปะกอก 8,13.6631952,100.4069214,"https://www.google.com/maps/search/?api=1&query=13.6631952,100.4069214&query_place_id=ChIJlQvuTji84jARPQk1nrUA7s4"
กรุงเทพมหานคร,เอกชน,โรงพยาบาลบางไผ่,13.7250264,100.464846,"https://www.google.com/maps/search/?api=1&query=13.7250264,100.464846&query_place_id=ChIJA0N_dR-Y4jARK21sISsBt-E"
กรุงเทพมหานคร,เอกชน,โรงพยาบาลบางมด,13.6717765,100.45648,"https://www.google.com/maps/search/?api=1&query=13.6717765,100.45648&query_place_id=ChIJ0_zzJ7-i4jARTdFGwutNcWI"
กรุงเทพมหานคร,เอกชน,โรงพยาบาลพญาไท นวมินทร์,13.8252124,100.6575516,"https://www.google.com/maps/search/?api=1&query=13.8252124,100.6575516&query_place_id=ChIJe6ACafliHTERZsTpTbVG2Jo"
กรุงเทพมหานคร,เอกชน,โรงพยาบาลเพชรเวช,13.7426983,100.5948406,"https://www.google.com/maps/search/?api=1&query=13.7426983,100.5948406&query_place_id=ChIJGTlye0ie4jARAPS-SFd4yUg"
กรุงเทพมหานคร,เอกชน,โรงพยาบาลมิชชั่น,13.7578678,100.5194916,"https://www.google.com/maps/search/?api=1&query=13.7578678,100.5194916&query_place_id=ChIJB9PG-jeZ4jAR2fK9fTwnawc"
กรุงเทพมหานคร,เอกชน,โรงพยาบาลสุขสวัสดิ์อินเตอร์,13.6761127,100.5011043,"https://www.google.com/maps/search/?api=1&query=13.6761127,100.5011043&query_place_id=ChIJwWUufG6i4jARka2yiH_r-Lw"
กรุงเทพมหานคร,เอกชน,โรงพยาบาลหัวเฉียว,13.7500823,100.5154121,"https://www.google.com/maps/search/?api=1&query=13.7500823,100.5154121&query_place_id=ChIJv_GwrDuZ4jAR_Q5LzzEmw58"
กรุงเทพมหานคร,เอกชน,โรงพยาบาลวิภาราม,13.7347131,100.6453885,"https://www.google.com/maps/search/?api=1&query=13.7347131,100.6453885&query_place_id=ChIJ-xf5LLRhHTERxd087rA5IKQ"
กระบี่,รัฐ,โรงพยาบาลกระบี่ (สธ),8.0759762,98.9150023,"https://www.google.com/maps/search/?api=1&query=8.0759762,98.9150023&query_place_id=ChIJzehjZ4aUUTARl5n0NUfUyoM"
กาญจนบุรี,รัฐ,โรงพยาบาลค่ายสุรสีห์,14.1051429,99.4256097,"https://www.google.com/maps/search/?api=1&query=14.1051429,99.4256097&query_place_id=ChIJuV5r0Iid4zAR88T5jgfspPM"
กาญจนบุรี,รัฐ,โรงพยาบาลพหลพลพยุหเสนา (สธ),14.0054791,99.5464707,"https://www.google.com/maps/search/?api=1&query=14.0054791,99.5464707&query_place_id=ChIJI976RFUL4zAR_A_JeQtords"
กาญจนบุรี,รัฐ,โรงพยาบาลมะการักษ์ (สธ),13.908217,99.76741,"https://www.google.com/maps/search/?api=1&query=13.908217,99.76741&query_place_id=ChIJw6z3DCoF4zARDC0xmYAezE0"
กาฬสินธุ์,รัฐ,โรงพยาบาลกาฬสินธุ์ (สธ),16.4346649,103.5055873,"https://www.google.com/maps/search/?api=1&query=16.4346649,103.5055873&query_place_id=ChIJZZsyYQC1IjER_rFMUhg-fsI"
กำแพงเพชร,รัฐ,โรงพยาบาลกำแพงเพชร (สธ),16.4630834,99.528414,"https://www.google.com/maps/search/?api=1&query=16.4630834,99.52841400000001&query_place_id=ChIJBYX85mMY3jARY9s-fHt-vfA"
ขอนแก่น,รัฐ,โรงพยาบาลขอนแก่น (สธ),16.4291172,102.8491256,"https://www.google.com/maps/search/?api=1&query=16.4291172,102.8491256&query_place_id=ChIJzeZ9pi2KIjERzC_b6jSEufY"
ขอนแก่น,รัฐ,โรงพยาบาลชุมแพ (สธ),16.5456353,102.0995812,"https://www.google.com/maps/search/?api=1&query=16.5456353,102.0995812&query_place_id=ChIJVY3j-I0fIjERYPyN_gZ3TuQ"
ขอนแก่น,รัฐ,โรงพยาบาลศรีนครินทร์ มหาวิทยาลัยขอนแก่น,16.4680574,102.8300541,"https://www.google.com/maps/search/?api=1&query=16.4680574,102.8300541&query_place_id=ChIJ32MRaPWKIjER6v4dpAcUsZQ"
จันทบุรี,รัฐ,โรงพยาบาลพระปกเกล้า (สธ),12.6042716,102.1023517,"https://www.google.com/maps/search/?api=1&query=12.6042716,102.1023517&query_place_id=ChIJ_R_HM5CBBDER6tIHoV_iqCs"
ฉะเชิงเทรา,รัฐ,โรงพยาบาลพุทธโสธร (สธ),13.6860439,101.0737507,"https://www.google.com/maps/search/?api=1&query=13.6860439,101.0737507&query_place_id=ChIJ5VjODMsXHTERXRGNl1w-M4g"
ฉะเชิงเทรา,เอกชน,จุฬารัตน์ 11 อินเตอร์,13.5425523,100.9628266,"https://www.google.com/maps/search/?api=1&query=13.5425523,100.9628266&query_place_id=ChIJLUkfd0tHHTERTMQL9lK-AJc"
ฉะเชิงเทรา,เอกชน,โรงพยาบาลเกษมราษฎร์ ฉะเชิงเทรา,13.695453,101.0515177,"https://www.google.com/maps/search/?api=1&query=13.695453,101.0515177&query_place_id=ChIJF2is4ixsHTERqz2Sa7JzpMA"
ชลบุรี,รัฐ,โรงพยาบาลชลบุรี (สธ),13.3519862,100.9821733,"https://www.google.com/maps/search/?api=1&query=13.3519862,100.9821733&query_place_id=ChIJD5UpRoA1HTERwEXdwEvYAw8"
ชลบุรี,รัฐ,โรงพยาบาลพนัสนิคม (สธ),13.4599834,101.1724349,"https://www.google.com/maps/search/?api=1&query=13.4599834,101.1724349&query_place_id=ChIJ29iFfsQvHTERvayIekPF5wc"
ชลบุรี,รัฐ,โรงพยาบาลพัทยาปัทมคุณ (สธ),12.9665688,100.9061757,"https://www.google.com/maps/search/?api=1&query=12.9665688,100.9061757&query_place_id=ChIJ6VtZShO-AjER6lTlWGB3fAE"
ชลบุรี,รัฐ,โรงพยาบาลมหาวิทยาลัยบูรพา,13.285218,100.922264,"https://www.google.com/maps/search/?api=1&query=13.285218,100.922264&query_place_id=ChIJ-5_-n8K0AjERgtQvbLHaDQA"
ชลบุรี,รัฐ,โรงพยาบาลเมืองพัทยา (มท),12.9278643,100.8844333,"https://www.google.com/maps/search/?api=1&query=12.9278643,100.8844333&query_place_id=ChIJJygIAQyWAjERXIDXqnxxYDU"
ชลบุรี,รัฐ,โรงพยาบาลสมเด็จพระนางเจ้าสิริกิติ์ (กห),12.6883094,100.9815633,"https://www.google.com/maps/search/?api=1&query=12.6883094,100.9815633&query_place_id=ChIJW_g5tUrzAjERyz16FgDZYkQ"
ชลบุรี,รัฐ,โรงพยาบาลสมเด็จพระบรมราชเทวี ณ ศรีราชา,13.1618315,100.9184756,"https://www.google.com/maps/search/?api=1&query=13.1618315,100.9184756&query_place_id=ChIJ25Km9Bm3AjERQIimf8BlCDg"
ชลบุรี,รัฐ,โรงพยาบาลแหลมฉบัง (สธ),13.1160314,100.9189939,"https://www.google.com/maps/search/?api=1&query=13.1160314,100.9189939&query_place_id=ChIJoYrqZNu5AjERc2KE80rYy8U"
ชลบุรี,เอกชน,โรงพยาบาลปิยะเวชช์ บ่อวิน,13.0628702,101.1026079,"https://www.google.com/maps/search/?api=1&query=13.0628702,101.1026079&query_place_id=ChIJTy_qqE_EAjERoaXMJqsuQTc"
ชลบุรี,เอกชน,โรงพยาบาลพญาไทศรีราชา 2,13.1705846,100.9294747,"https://www.google.com/maps/search/?api=1&query=13.1705846,100.9294747&query_place_id=ChIJvW5D5nG3AjERkL2dxlDkDGE"
ชลบุรี,เอกชน,โรงพยาบาลพญาไทศรีราชา,13.1687737,100.9282067,"https://www.google.com/maps/search/?api=1&query=13.1687737,100.9282067&query_place_id=ChIJx3qvaQK3AjERgL7UmG8eok0"
ชลบุรี,เอกชน,โรงพยาบาลพญาไท บ่อวิน,13.0424366,101.0873156,"https://www.google.com/maps/search/?api=1&query=13.0424366,101.0873156&query_place_id=ChIJl2D3egDFAjERWoCPDB4XRhY"
ชลบุรี,เอกชน,โรงพยาบาลวิภาราม อมตะนคร,13.421037,101.002989,"https://www.google.com/maps/search/?api=1&query=13.421037,101.002989&query_place_id=ChIJs-nhiZBKHTERM8xyV9zHEVM"
ชลบุรี,เอกชน,โรงพยาบาลเอกชล อ่างศิลา,13.3176696,100.9487746,"https://www.google.com/maps/search/?api=1&query=13.3176696,100.9487746&query_place_id=ChIJdUOS0DVLHTER8yy8j4bqe8Y"
ชลบุรี,เอกชน,โรงพยาบาลวิภารามแหลมฉบัง,13.0877644,100.9179247,"https://www.google.com/maps/search/?api=1&query=13.0877644,100.9179247&query_place_id=ChIJUUx5kKO5AjERcbRbgV1snmw"
ชัยนาท,รัฐ,โรงพยาบาลชัยนาทนเรนทร (สธ),15.1917249,100.1275927,"https://www.google.com/maps/search/?api=1&query=15.1917249,100.1275927&query_place_id=ChIJLZYA5py94TARzPOCeOElGMw"
ชัยภูมิ,รัฐ,โรงพยาบาลชัยภูมิ (สธ),15.8060889,102.0347765,"https://www.google.com/maps/search/?api=1&query=15.8060889,102.0347765&query_place_id=ChIJF2uHAHE1HzERlJKdWomx3mE"
ชุมพร,รัฐ,โรงพยาบาลชุมพรเขตรอุดมศักดิ์ (สธ),10.4975184,99.1861941,"https://www.google.com/maps/search/?api=1&query=10.4975184,99.1861941&query_place_id=ChIJHWmWC7Kq-DARvVjpcB0hzgw"
เชียงราย,รัฐ,โรงพยาบาลเชียงรายประชานุเคราะห์ (สธ),19.9007759,99.8291876,"https://www.google.com/maps/search/?api=1&query=19.9007759,99.8291876&query_place_id=ChIJ58tbV0kG1zARpiHfKTJ3h_0"
เชียงราย,เอกชน,โรงพยาบาลเกษมราษฎร์ศรีบุรินทร์,19.8781001,99.8355446,"https://www.google.com/maps/search/?api=1&query=19.8781001,99.8355446&query_place_id=ChIJ__B8uyIG1zARJY5OkVrIXOQ"
เชียงราย,เอกชน,โรงพยาบาลเชียงราย ราม,19.8949972,99.8311744,"https://www.google.com/maps/search/?api=1&query=19.8949972,99.8311744&query_place_id=ChIJ6xgPsGsG1zARy8JFCnGkBaQ"
เชียงใหม่,รัฐ,โรงพยาบาลนครพิงค์ (สธ),18.789788,99.004244,"https://www.google.com/maps/search/?api=1&query=18.789788,99.004244&query_place_id=ChIJfQyKtK862jAR2g2OVFjfm4s"
เชียงใหม่,รัฐ,โรงพยาบาลมหาราชนครเชียงใหม่ มหาวิทยาลัยเชียงใหม่,18.7896261,98.9746184,"https://www.google.com/maps/search/?api=1&query=18.7896261,98.9746184&query_place_id=ChIJU6ochIY62jARDl9lhKLE980"
เชียงใหม่,รัฐ,โรงพยาบาลสันป่าตอง (สธ),18.5956136,98.8853212,"https://www.google.com/maps/search/?api=1&query=18.5956136,98.88532119999999&query_place_id=ChIJOZawHS3L2zARqiapHUHfdnM"
เชียงใหม่,เอกชน,โรงพยาบาล เชียงใหม่ใกล้หมอ,18.7885153,99.0016793,"https://www.google.com/maps/search/?api=1&query=18.7885153,99.00167929999999&query_place_id=ChIJ775PhqU62jARvW6Ns305dgc"
เชียงใหม่,เอกชน,โรงพยาบาลเทพปัญญา,18.8102472,99.0113466,"https://www.google.com/maps/search/?api=1&query=18.8102472,99.0113466&query_place_id=ChIJIfetl8w62jARVxL4n2qgF9s"
เชียงใหม่,เอกชน,โรงพยาบาลราชเวชเชียงใหม่,18.7668981,99.0043205,"https://www.google.com/maps/search/?api=1&query=18.7668981,99.00432049999999&query_place_id=ChIJlzWAwxow2jARkbIYxYULcC0"
เชียงใหม่,เอกชน,โรงพยาบาลลานนา 3,18.8155563,98.9940998,"https://www.google.com/maps/search/?api=1&query=18.8155563,98.9940998&query_place_id=ChIJZwLL-fc72jARbq_adq7uToE"
เชียงใหม่,เอกชน,โรงพยาบาลลานนา,18.8123878,98.9910114,"https://www.google.com/maps/search/?api=1&query=18.8123878,98.99101139999999&query_place_id=ChIJnY1secI62jARhZKmA8KY66s"
ตรัง,รัฐ,โรงพยาบาลตรัง (สธ),7.572413900000001,99.6204689,"https://www.google.com/maps/search/?api=1&query=7.572413900000001,99.62046889999999&query_place_id=ChIJ4aoraU-MTTARZ0F3RREpDJw"
ตรัง,เอกชน,โรงพยาบาลธนบุรีตรัง,7.568524399999999,99.6195664,"https://www.google.com/maps/search/?api=1&query=7.568524399999999,99.6195664&query_place_id=ChIJ2bixkD2MTTAR2iXPYfZY030"
ตราด,รัฐ,โรงพยาบาลตราด (สธ),12.248056,102.5116209,"https://www.google.com/maps/search/?api=1&query=12.248056,102.5116209&query_place_id=ChIJ4XOpYbhDBDER1mqmUpu4jWc"
ตาก,รัฐ,โรงพยาบาลแม่สอด (สธ),16.709782,98.572332,"https://www.google.com/maps/search/?api=1&query=16.709782,98.57233199999999&query_place_id=ChIJ8T15ssqY3TARWsDCX-T92Qk"
ตาก,รัฐ,โรงพยาบาลสมเด็จพระเจ้าตากสินมหาราช (สธ),16.8730199,99.131596,"https://www.google.com/maps/search/?api=1&query=16.8730199,99.131596&query_place_id=ChIJk9bIfGfX3TARGQHj6Bp6Ito"
ตาก,เอกชน,โรงพยาบาลแม่สอด ราม,16.7109205,98.5640479,"https://www.google.com/maps/search/?api=1&query=16.7109205,98.56404789999999&query_place_id=ChIJDVmnKkif3TARtsoBdKA1BZ4"
นครนายก,รัฐ,โรงพยาบาลนครนายก (สธ),14.2080302,101.2129337,"https://www.google.com/maps/search/?api=1&query=14.2080302,101.2129337&query_place_id=ChIJe-JRGtaxHTERtZsuaDYNcjo"
นครนายก,รัฐ,โรงพยาบาลศูนย์การแพทย์สมเด็จพระเทพรัตนราชสุดาฯ,14.1114901,100.9848908,"https://www.google.com/maps/search/?api=1&query=14.1114901,100.9848908&query_place_id=ChIJse8Un-OhHTERflIJbXlRH8g"
นครปฐม,รัฐ,โรงพยาบาลจันทรุเบกษา,14.1027787,99.9392182,"https://www.google.com/maps/search/?api=1&query=14.1027787,99.9392182&query_place_id=ChIJ5SHGNnNV4jAR7gaArUSi4wE"
นครปฐม,รัฐ,โรงพยาบาลนครปฐม (สธ),13.8191484,100.0751925,"https://www.google.com/maps/search/?api=1&query=13.8191484,100.0751925&query_place_id=ChIJK8G7dfTl4jARDWB6-dN2AbE"
นครปฐม,รัฐ,โรงพยาบาลเมตตาประชารักษ์(วัดไร่ขิง) (สธ),13.7387171,100.2563542,"https://www.google.com/maps/search/?api=1&query=13.7387171,100.2563542&query_place_id=ChIJZ7ROWw_r4jARvdolQwQ8R7I"
นครพนม,รัฐ,โรงพยาบาลนครพนม (สธ),17.4138876,104.7773892,"https://www.google.com/maps/search/?api=1&query=17.4138876,104.7773892&query_place_id=ChIJC2uejTkJPDER7E_TB2DFFdg"
นครราชสีมา,รัฐ,โรงพยาบาลค่ายสุรนารี นครราชสีมา,14.9661843,102.0867506,"https://www.google.com/maps/search/?api=1&query=14.9661843,102.0867506&query_place_id=ChIJ2UOcWcdMGTERJ95cLcyDxDU"
นครราชสีมา,รัฐ,โรงพยาบาลเทพรัตน์นครราชสีมา (สธ),14.9247409,101.9652755,"https://www.google.com/maps/search/?api=1&query=14.9247409,101.9652755&query_place_id=ChIJ28Zi0pKxHjERS0oeTEK0ku8"
นครราชสีมา,รัฐ,โรงพยาบาลปากช่องนานา (สธ),14.6806741,101.4000776,"https://www.google.com/maps/search/?api=1&query=14.6806741,101.4000776&query_place_id=ChIJh9Y_lBcrHDERR_FZyIGPelA"
นครราชสีมา,รัฐ,โรงพยาบาลมหาวิทยาลัยเทคโนโลยีสุรนารี,14.8640939,102.0355109,"https://www.google.com/maps/search/?api=1&query=14.8640939,102.0355109&query_place_id=ChIJi-04EwWtHjERYobt57W00Qw"
นครราชสีมา,รัฐ,โรงพยาบาลมหาราชนครราชสีมา (สธ),14.9846923,102.1034119,"https://www.google.com/maps/search/?api=1&query=14.9846923,102.1034119&query_place_id=ChIJh0n-95xMGTERutO0DAWmehQ"
นครราชสีมา,เอกชน,โรงพยาบาลกรุงเทพปากช่อง,14.718258,101.431655,"https://www.google.com/maps/search/?api=1&query=14.718258,101.431655&query_place_id=ChIJkfLFLScqHDERTClUG6yABWw"
นครราชสีมา,เอกชน,โรงพยาบาล ป.แพทย์ 1,14.973961,102.1060961,"https://www.google.com/maps/search/?api=1&query=14.973961,102.1060961&query_place_id=ChIJ9-DTNY5MGTERfYTBX1VBZAw"
นครศรีธรรมราช,รัฐ,โรงพยาบาลค่ายวชิราวุธ,8.4980356,99.9543009,"https://www.google.com/maps/search/?api=1&query=8.4980356,99.95430089999999&query_place_id=ChIJSRvpy1EGUzARRbHQtLHgcTI"
นครศรีธรรมราช,รัฐ,โรงพยาบาลท่าศาลา (สธ),8.660730899999999,99.9228971,"https://www.google.com/maps/search/?api=1&query=8.660730899999999,99.9228971&query_place_id=ChIJpWsJY2AKUzARgvHmT3a7Cec"
นครศรีธรรมราช,รัฐ,โรงพยาบาลทุ่งสง (สธ),8.1624419,99.6807166,"https://www.google.com/maps/search/?api=1&query=8.1624419,99.6807166&query_place_id=ChIJH1faRQhFUjARyyxBnn5uAIg"
นครศรีธรรมราช,รัฐ,โรงพยาบาลศูนย์การแพทย์มหาวิทยาลัยวลัยลักษณ์,8.6422429,99.913091,"https://www.google.com/maps/search/?api=1&query=8.6422429,99.91309100000001&query_place_id=ChIJHVtnMw0KUzARg57HzuKxhZA"
นครศรีธรรมราช,รัฐ,โรงพยาบาลมหาราชนครศรีธรรมราช (สธ),8.3900084,99.9714187,"https://www.google.com/maps/search/?api=1&query=8.3900084,99.9714187&query_place_id=ChIJG5g3_ZkBUzARBqWkxde78as"
นครศรีธรรมราช,รัฐ,โรงพยาบาลสิชล (สธ),9.00792,99.903068,"https://www.google.com/maps/search/?api=1&query=9.00792,99.90306799999999&query_place_id=ChIJH-qfWn5_UzARiiGh0XCip58"
นครสวรรค์,รัฐ,โรงพยาบาลสวรรค์ประชารักษ์ แห่งใหม่ (สธ),15.7068592,100.1384211,"https://www.google.com/maps/search/?api=1&query=15.7068592,100.1384211&query_place_id=ChIJQ311-hJP4DARCPr9PC4ObHc"
นครสวรรค์,เอกชน,โรงพยาบาลร่มฉัตร,15.6997956,100.1336509,"https://www.google.com/maps/search/?api=1&query=15.6997956,100.1336509&query_place_id=ChIJG9FnxRRP4DAR-HVjV7h0ugU"
นนทบุรี,รัฐ,โรงพยาบาลพระนั่งเกล้า (สธ),13.8653518,100.4813657,"https://www.google.com/maps/search/?api=1&query=13.8653518,100.4813657&query_place_id=ChIJVbCxG9ea4jARbLbkDKOYIiw"
นนทบุรี,รัฐ,ศูนย์การแพทย์ปัญญานันทภิกขุ ชลประทาน,13.9000288,100.502027,"https://www.google.com/maps/search/?api=1&query=13.9000288,100.502027&query_place_id=ChIJO437tCeF4jARr4XZIO5p2FA"
นนทบุรี,รัฐ,สถาบันบำราศนราดูร (สธ),13.8537638,100.5227505,"https://www.google.com/maps/search/?api=1&query=13.8537638,100.5227505&query_place_id=ChIJu2C8R1yb4jARaBmA7RU8nBM"
นนทบุรี,เอกชน,โรงพยาบาลกรุงไทย,13.9129495,100.5092523,"https://www.google.com/maps/search/?api=1&query=13.9129495,100.5092523&query_place_id=ChIJLXBifYuE4jARbJzNE6nBZx8"
นนทบุรี,เอกชน,โรงพยาบาลกรุงไทย เวสเทิร์น,13.9272523,100.4081428,"https://www.google.com/maps/search/?api=1&query=13.9272523,100.4081428&query_place_id=ChIJKzwlwz-P4jARdmod2IriPDk"
นนทบุรี,เอกชน,โรงพยาบาลเกษมราษฎร์ รัตนาธิเบศร์,13.8759146,100.4235118,"https://www.google.com/maps/search/?api=1&query=13.8759146,100.4235118&query_place_id=ChIJoysK5R2Q4jARa9hXb6aKijA"
นนทบุรี,เอกชน,โรงพยาบาลวิภารามปากเกร็ด,13.910178,100.4982839,"https://www.google.com/maps/search/?api=1&query=13.910178,100.4982839&query_place_id=ChIJ569E0PCE4jARpZCwJFllthI"
นราธิวาส,รัฐ,โรงพยาบาลนราธิวาสราชนครินทร์ (สธ),6.4145173,101.8238271,"https://www.google.com/maps/search/?api=1&query=6.4145173,101.8238271&query_place_id=ChIJeR5khxfxszERwXxgf3OKnxU"
นราธิวาส,รัฐ,โรงพยาบาลสุไหงโก-ลก (สธ),6.0271753,101.9707548,"https://www.google.com/maps/search/?api=1&query=6.0271753,101.9707548&query_place_id=ChIJQ4rgBPsbtDER4JwcQXRv-gM"
นราธิวาส,เอกชน,โรงพยาบาลราษฎร์นรา,6.410485899999999,101.8222433,"https://www.google.com/maps/search/?api=1&query=6.410485899999999,101.8222433&query_place_id=ChIJu4aNTNPxszERLNdbxxy3maw"
น่าน,รัฐ,โรงพยาบาลน่าน (สธ),18.7943747,100.788303,"https://www.google.com/maps/search/?api=1&query=18.7943747,100.788303&query_place_id=ChIJE9QE6_GNJzERfiW-9Hn76bM"
บึงกาฬ,รัฐ,โรงพยาบาลบึงกาฬ (สธ),18.3630517,103.6521911,"https://www.google.com/maps/search/?api=1&query=18.3630517,103.6521911&query_place_id=ChIJFdoZKYnWOjERwyfL0_YvA5Y"
บุรีรัมย์,รัฐ,โรงพยาบาลบุรีรัมย์ (สธ),15.0056788,103.1007246,"https://www.google.com/maps/search/?api=1&query=15.0056788,103.1007246&query_place_id=ChIJAYfCDseVGTERx0eNB6XjZlU"
บุรีรัมย์,รัฐ,โรงพยาบาลนางรอง (สธ),14.6343802,102.7867977,"https://www.google.com/maps/search/?api=1&query=14.6343802,102.7867977&query_place_id=ChIJf1HwuSbVGzERRlnTXTEQf_E"
ปทุมธานี,รัฐ,โรงพยาบาลธรรมศาสตร์เฉลิมพระเกียรติ,14.0736707,100.6156713,"https://www.google.com/maps/search/?api=1&query=14.0736707,100.6156713&query_place_id=ChIJHVhAUot_4jARYCpP-vQr_Ow"
ปทุมธานี,รัฐ,โรงพยาบาลปทุมธานี (สธ),14.020474,100.5233701,"https://www.google.com/maps/search/?api=1&query=14.020474,100.5233701&query_place_id=ChIJQxBGAy6H4jAR_d5R5E3N_5Y"
ปทุมธานี,รัฐ,โรงพยาบาลราชวิถี 2 (รังสิต),13.9751875,100.6188437,"https://www.google.com/maps/search/?api=1&query=13.9751875,100.6188437&query_place_id=ChIJTX6OSCGB4jARqvWyttwQRkc"
ปทุมธานี,เอกชน,โรงพยาบาลกรุงไทย นอร์ทเทิร์น,14.0472528,100.463928,"https://www.google.com/maps/search/?api=1&query=14.0472528,100.463928&query_place_id=ChIJQ7-XKwCH4jARyRu4bVyZKzs"
ปทุมธานี,เอกชน,โรงพยาบาลกรุงไทย ปทุม,13.957679,100.527517,"https://www.google.com/maps/search/?api=1&query=13.957679,100.527517&query_place_id=ChIJmy9WkOyF4jARruGyLA7LFK8"
ปทุมธานี,เอกชน,โรงพยาบาลเกษมราษฎร์ ปทุมธานี,14.1172222,100.6178566,"https://www.google.com/maps/search/?api=1&query=14.1172222,100.6178566&query_place_id=ChIJA4BKU2B_4jARpzXuyDDRrpg"
ปทุมธานี,เอกชน,โรงพยาบาลปทุมเวช,13.9880321,100.6104507,"https://www.google.com/maps/search/?api=1&query=13.9880321,100.6104507&query_place_id=ChIJbX75ltyB4jARjO_T4OQ602I"
ปทุมธานี,เอกชน,โรงพยาบาลแพทย์รังสิต,13.9631251,100.6217871,"https://www.google.com/maps/search/?api=1&query=13.9631251,100.6217871&query_place_id=ChIJQbOf3gF-HTERvzje77sMNZI"
ปทุมธานี,เอกชน,โรงพยาบาลซีจีเอ ลำลูกกา,13.9693495,100.6387373,"https://www.google.com/maps/search/?api=1&query=13.9693495,100.6387373&query_place_id=ChIJDzKmHmV_HTERGWYHa3EylKM"
ปทุมธานี,เอกชน,โรงพยาบาลภัทร-ธนบุรี,14.0488576,100.6179585,"https://www.google.com/maps/search/?api=1&query=14.0488576,100.6179585&query_place_id=ChIJ36sDVACA4jAR-Fu1A5zs8Qg"
ประจวบคีรีขันธ์,รัฐ,โรงพยาบาลบางสะพาน (สธ),11.223786,99.4967268,"https://www.google.com/maps/search/?api=1&query=11.223786,99.49672679999999&query_place_id=ChIJq6qqqmre_jARtlVfE1Gp7fU"
ประจวบคีรีขันธ์,รัฐ,โรงพยาบาลค่ายธนะรัชต์,12.4101098,99.9228664,"https://www.google.com/maps/search/?api=1&query=12.4101098,99.92286639999999&query_place_id=ChIJ799HBMKy_TARCXNKfoDh1Hk"
ประจวบคีรีขันธ์,รัฐ,โรงพยาบาลประจวบคีรีขันธ์ (สธ),11.8009757,99.7957505,"https://www.google.com/maps/search/?api=1&query=11.8009757,99.79575050000001&query_place_id=ChIJ54GfVQmE_jARDwMXLeU49Ro"
ประจวบคีรีขันธ์,รัฐ,โรงพยาบาลหัวหิน (สธ),12.6080685,99.9479176,"https://www.google.com/maps/search/?api=1&query=12.6080685,99.9479176&query_place_id=ChIJgR5yTn2q_TAR_ZGJyFuRTGo"
ปราจีนบุรี,รัฐ,โรงพยาบาลกบินทร์บุรี (สธ),13.9575753,101.7266016,"https://www.google.com/maps/search/?api=1&query=13.9575753,101.7266016&query_place_id=ChIJuQ9sV96KHDER-u4XUi_BVS0"
ปราจีนบุรี,รัฐ,โรงพยาบาลค่ายจักรพงษ์,14.0737973,101.371845,"https://www.google.com/maps/search/?api=1&query=14.0737973,101.371845&query_place_id=ChIJrQpUyVZUHDERMRDpYGKfxs0"
ปราจีนบุรี,รัฐ,โรงพยาบาลเจ้าพระยาอภัยภูเบศร (สธ),14.0543455,101.3957653,"https://www.google.com/maps/search/?api=1&query=14.0543455,101.3957653&query_place_id=ChIJmUE2665VHDERtAiGDrVVO-g"
ปราจีนบุรี,เอกชน,โรงพยาบาลเกษมราษฎร์ ปราจีนบุรี,13.8990979,101.5957656,"https://www.google.com/maps/search/?api=1&query=13.8990979,101.5957656&query_place_id=ChIJO6De0UbxHDERwGqQ2dQEZ0o"
ปราจีนบุรี,เอกชน,โรงพยาบาลจุฬารัตน์ 304 อินเตอร์,13.8970193,101.6050383,"https://www.google.com/maps/search/?api=1&query=13.8970193,101.6050383&query_place_id=ChIJv70sfkTxHDERi3LDw3tjCBU"
ปัตตานี,รัฐ,โรงพยาบาลปัตตานี (สธ),6.8689243,101.2487972,"https://www.google.com/maps/search/?api=1&query=6.8689243,101.2487972&query_place_id=ChIJMXV3fXcFszERhQBj6_w5Vo0"
พระนครศรีอยุธยา,รัฐ,โรงพยาบาลพระนครศรีอยุธยา (สธ),14.3437123,100.5604679,"https://www.google.com/maps/search/?api=1&query=14.3437123,100.5604679&query_place_id=ChIJvZWQpjt04jARgFQ1JDiSAQ8"
พระนครศรีอยุธยา,รัฐ,โรงพยาบาลเสนา (สธ),14.321138,100.388113,"https://www.google.com/maps/search/?api=1&query=14.321138,100.388113&query_place_id=ChIJG3EowY5u4jARGodTqarjYr8"
พระนครศรีอยุธยา,เอกชน,โรงพยาบาลการุญเวช อยุธยา,14.2115476,100.608053,"https://www.google.com/maps/search/?api=1&query=14.2115476,100.608053&query_place_id=ChIJicBPpnJ44jARBe5qRCxmKoU"
พระนครศรีอยุธยา,เอกชน,โรงพยาบาลราชธานี โรจนะ,14.2999999,100.6553859,"https://www.google.com/maps/search/?api=1&query=14.2999999,100.6553859&query_place_id=ChIJafJ97qKJHTERPMvMA2oG8kM"
พระนครศรีอยุธยา,เอกชน,โรงพยาบาลราชธานี,14.3429693,100.608986,"https://www.google.com/maps/search/?api=1&query=14.3429693,100.608986&query_place_id=ChIJF6YXFOGIHTERlIwRkUYEpUg"
พะเยา,รัฐ,โรงพยาบาลพะเยา (สธ),19.1910684,99.8773951,"https://www.google.com/maps/search/?api=1&query=19.1910684,99.8773951&query_place_id=ChIJE2RYwGnT2TAROT80OfEtfBI"
พะเยา,รัฐ,โรงพยาบาลเชียงคำ (สธ),19.5185887,100.2961361,"https://www.google.com/maps/search/?api=1&query=19.5185887,100.2961361&query_place_id=ChIJWYCdh_vs1zARUWuKTtKsEuM"
พะเยา,รัฐ,โรงพยาบาลมหาวิทยาลัยพะเยา,19.0323876,99.9199278,"https://www.google.com/maps/search/?api=1&query=19.0323876,99.9199278&query_place_id=ChIJVQTK7kMz2DAR8eT3DSACvSc"
พังงา,รัฐ,โรงพยาบาลตะกั่วป่า (สธ),8.8638661,98.3338196,"https://www.google.com/maps/search/?api=1&query=8.8638661,98.3338196&query_place_id=ChIJRS9CXwDbUDARuQksrW8Saqw"
พังงา,รัฐ,โรงพยาบาลพังงา (สธ),8.44861,98.5264259,"https://www.google.com/maps/search/?api=1&query=8.44861,98.52642589999999&query_place_id=ChIJn_5Mo6cBUTAR5_vNSviZA-w"
พัทลุง,รัฐ,โรงพยาบาลพัทลุง (สธ),7.614924999999999,100.0736089,"https://www.google.com/maps/search/?api=1&query=7.614924999999999,100.0736089&query_place_id=ChIJbWK4ntF8TTARNMA5mLfazuA"
พิจิตร,รัฐ,โรงพยาบาลพิจิตร (สธ),16.4350085,100.3448289,"https://www.google.com/maps/search/?api=1&query=16.4350085,100.3448289&query_place_id=ChIJJXtY2nbm3zARa5636Seklcs"
พิษณุโลก,รัฐ,โรงพยาบาลพุทธชินราช (สธ),16.8087979,100.2635137,"https://www.google.com/maps/search/?api=1&query=16.8087979,100.2635137&query_place_id=ChIJG2fPsteX3zARSwYOHk5KQUc"
พิษณุโลก,รัฐ,โรงพยาบาลค่ายสมเด็จพระนเรศวร,16.8255631,100.253634,"https://www.google.com/maps/search/?api=1&query=16.8255631,100.253634&query_place_id=ChIJ7xO6D1y93zARe7JHu_RyqVg"
พิษณุโลก,รัฐ,โรงพยาบาลมหาวิทยาลัยนเรศวร,16.7487985,100.1890293,"https://www.google.com/maps/search/?api=1&query=16.7487985,100.1890293&query_place_id=ChIJpYADSaG-3zARsdY5gHoI1wE"
พิษณุโลก,เอกชน,โรงพยาบาลพิษณุโลกฮอสพิทอล,16.8056604,100.2552002,"https://www.google.com/maps/search/?api=1&query=16.8056604,100.2552002&query_place_id=ChIJC2pffXy93zARjKrANEQfr0c"
เพชรบุรี,รัฐ,โรงพยาบาลพระจอมเกล้า (สธ),13.1180938,99.938322,"https://www.google.com/maps/search/?api=1&query=13.1180938,99.938322&query_place_id=ChIJR4rZQQEn_TAR9uE68sQhW9g"
เพชรบูรณ์,รัฐ,โรงพยาบาลเพชรบูรณ์ (สธ),16.4272651,101.1534343,"https://www.google.com/maps/search/?api=1&query=16.4272651,101.1534343&query_place_id=ChIJcxa98Kw6IDERHui4f1Vlxwo"
แพร่,รัฐ,โรงพยาบาลแพร่ (สธ),18.1339366,100.154381,"https://www.google.com/maps/search/?api=1&query=18.1339366,100.154381&query_place_id=ChIJ34ul-z3C2DARWukUdm-iqKk"
ภูเก็ต,รัฐ,โรงพยาบาลวชิระภูเก็ต (สธ),7.8967544,98.3838207,"https://www.google.com/maps/search/?api=1&query=7.8967544,98.3838207&query_place_id=ChIJWfZgJe0xUDARUwGA-BqRp0E"
ภูเก็ต,รัฐ,โรงพยาบาลป่าตอง (สธ),7.895942499999999,98.3014684,"https://www.google.com/maps/search/?api=1&query=7.895942499999999,98.30146839999999&query_place_id=ChIJeXJ0SKI6UDAR65xhAW-b_-A"
ภูเก็ต,รัฐ,โรงพยาบาลองค์การบริหารส่วนจังหวัดภูเก็ต,7.881066000000001,98.404991,"https://www.google.com/maps/search/?api=1&query=7.881066000000001,98.404991&query_place_id=ChIJ82zGzQUyUDARE35eP_OmGas"
ภูเก็ต,เอกชน,โรงพยาบาลมิชชั่นภูเก็ต,7.906812500000001,98.3908125,"https://www.google.com/maps/search/?api=1&query=7.906812500000001,98.3908125&query_place_id=ChIJvXHnU48xUDAR2HXgipVKiLk"
ภูเก็ต,เอกชน,โรงพยาบาลดีบุก,7.871874099999999,98.3604183,"https://www.google.com/maps/search/?api=1&query=7.871874099999999,98.36041829999999&query_place_id=ChIJ7amdFykuUDARROGutIU81GI"
มหาสารคาม,รัฐ,โรงพยาบาลมหาสารคาม (สธ),16.1811672,103.2992188,"https://www.google.com/maps/search/?api=1&query=16.1811672,103.2992188&query_place_id=ChIJtdbSCe2mIjER_pFo4En9H8s"
มหาสารคาม,รัฐ,โรงพยาบาลสุทธาเวช คณะแพทยศาสตร์ มหาวิทยาลัยมหาสารคาม,16.1994897,103.2851903,"https://www.google.com/maps/search/?api=1&query=16.1994897,103.2851903&query_place_id=ChIJbcm_oaOmIjERYUfZ8rDFAQk"
มุกดาหาร,รัฐ,โรงพยาบาลมุกดาหาร (สธ),16.5418353,104.7268926,"https://www.google.com/maps/search/?api=1&query=16.5418353,104.7268926&query_place_id=ChIJUxaxPELGPTERsTuH_iDZwCE"
แม่ฮ่องสอน,รัฐ,โรงพยาบาลศรีสังวาลย์ (สธ),19.2997442,97.9718655,"https://www.google.com/maps/search/?api=1&query=19.2997442,97.97186549999999&query_place_id=ChIJEzCsIgim2jAR087lGaD9Tiw"
ยโสธร,รัฐ,โรงพยาบาลยโสธร (สธ),15.7812822,104.1615272,"https://www.google.com/maps/search/?api=1&query=15.7812822,104.1615272&query_place_id=ChIJW89IEDPJFzERpjtamFsS55A"
ยะลา,รัฐ,โรงพยาบาลเบตง (สธ),5.773554,101.0821969,"https://www.google.com/maps/search/?api=1&query=5.773554,101.0821969&query_place_id=ChIJkQQpB-bltDERacnnPU9XQgs"
ยะลา,รัฐ,โรงพยาบาลยะลา (สธ),6.5476549,101.2765045,"https://www.google.com/maps/search/?api=1&query=6.5476549,101.2765045&query_place_id=ChIJT_ynPT10szER5_EJuwgVtsM"
ร้อยเอ็ด,รัฐ,โรงพยาบาลร้อยเอ็ด (สธ),16.0476019,103.6524306,"https://www.google.com/maps/search/?api=1&query=16.0476019,103.6524306&query_place_id=ChIJi72kxC38FzERarYcVdC3M_E"
ระนอง,รัฐ,โรงพยาบาลระนอง (สธ),9.9635959,98.6429187,"https://www.google.com/maps/search/?api=1&query=9.9635959,98.6429187&query_place_id=ChIJLybwsB5QVjAR_q-tP7Y7Bhk"
ระยอง,รัฐ,โรงพยาบาลเฉลิมพระเกียรติสมเด็จพระเทพรัตนราชสุดาฯ (สธ),12.7305694,101.1364029,"https://www.google.com/maps/search/?api=1&query=12.7305694,101.1364029&query_place_id=ChIJDU-3hT_wAjERxKvxQbD8m90"
ระยอง,รัฐ,โรงพยาบาลระยอง (สธ),12.6821032,101.2764781,"https://www.google.com/maps/search/?api=1&query=12.6821032,101.2764781&query_place_id=ChIJPVcI_mn8AjERhRVqJDoIRyQ"
ระยอง,เอกชน,โรงพยาบาลกรุงเทพปลวกแดง,12.9785617,101.1967419,"https://www.google.com/maps/search/?api=1&query=12.9785617,101.1967419&query_place_id=ChIJK-JHTiLdAjERhSJGClRoXM4"
ระยอง,เอกชน,โรงพยาบาลปิยะเวชช์ ระยอง,12.9887275,101.1365593,"https://www.google.com/maps/search/?api=1&query=12.9887275,101.1365593&query_place_id=ChIJ0-zEUxjDAjERu6qFVOlQLX0"
ระยอง,เอกชน,โรงพยาบาลจุฬารัตน์ระยอง,12.6852329,101.2745722,"https://www.google.com/maps/search/?api=1&query=12.6852329,101.2745722&query_place_id=ChIJ8e0__2n8AjER8VB49wK_uRg"
ระยอง,เอกชน,โรงพยาบาลมงกุฎระยอง,12.7331929,101.1577706,"https://www.google.com/maps/search/?api=1&query=12.7331929,101.1577706&query_place_id=ChIJJ5xougvwAjER82hn3WxUP68"
ราชบุรี,รัฐ,โรงพยาบาลบ้านโป่ง (สธ),13.8172519,99.8709553,"https://www.google.com/maps/search/?api=1&query=13.8172519,99.87095529999999&query_place_id=ChIJV5tAAtsd4zAROgFb5tGbNJs"
ราชบุรี,รัฐ,โรงพยาบาลดำเนินสะดวก (สธ),13.5365157,99.965853,"https://www.google.com/maps/search/?api=1&query=13.5365157,99.965853&query_place_id=ChIJ3zkiOdzZ4jARj5yX-kHNpHw"
ราชบุรี,รัฐ,โรงพยาบาลโพธาราม (สธ),13.6946009,99.8516861,"https://www.google.com/maps/search/?api=1&query=13.6946009,99.8516861&query_place_id=ChIJG4ZgAsoh4zARDBywclQxJYg"
ราชบุรี,รัฐ,โรงพยาบาลราชบุรี (สธ),13.5309561,99.8155114,"https://www.google.com/maps/search/?api=1&query=13.5309561,99.81551139999999&query_place_id=ChIJmf0sdKso4zARu-m0732P8ZA"
ราชบุรี,เอกชน,โรงพยาบาลซานคามิลโล,13.810396,99.8793049,"https://www.google.com/maps/search/?api=1&query=13.810396,99.8793049&query_place_id=ChIJqZaT-8Yd4zAR81UP89HGjUs"
ลพบุรี,รัฐ,โรงพยาบาลบ้านหมี่ (สธ),15.0441789,100.5419625,"https://www.google.com/maps/search/?api=1&query=15.0441789,100.5419625&query_place_id=ChIJoaMEr-zj4TARmWntZsFk98A"
ลพบุรี,รัฐ,โรงพยาบาลพระนารายณ์มหาราช (สธ),14.8049099,100.6525809,"https://www.google.com/maps/search/?api=1&query=14.8049099,100.6525809&query_place_id=ChIJfa9OmmMAHjERYcMVTD6g8XE"
ลพบุรี,รัฐ,โรงพยาบาลอานันทมหิดล,14.8491606,100.6651011,"https://www.google.com/maps/search/?api=1&query=14.8491606,100.6651011&query_place_id=ChIJ8TybwKABHjER1iufPNVFZjo"
ลำปาง,รัฐ,โรงพยาบาลค่ายสุรศักดิ์มนตรี (กห),18.2948244,99.5191083,"https://www.google.com/maps/search/?api=1&query=18.2948244,99.5191083&query_place_id=ChIJMTvvyJls2TARNZMvMXQLeUI"
ลำปาง,รัฐ,โรงพยาบาลลำปาง (สธ),18.2869216,99.5059798,"https://www.google.com/maps/search/?api=1&query=18.2869216,99.50597979999999&query_place_id=ChIJ8S4GAH5r2TARcj4b6LRQFvw"
ลำพูน,รัฐ,โรงพยาบาลลำพูน (สธ),18.5827899,98.9950659,"https://www.google.com/maps/search/?api=1&query=18.5827899,98.9950659&query_place_id=ChIJnUfy3EjN2zARgGlckoLI-YI"
ลำพูน,เอกชน,โรงพยาบาลพริ้นซ์ ลำพูน,18.5630387,99.0359934,"https://www.google.com/maps/search/?api=1&query=18.5630387,99.0359934&query_place_id=ChIJBS1SA3fT2zAR0Tdk-Aew1jo"
ลำพูน,เอกชน,โรงพยาบาลลำพูนใกล้หมอ,18.5962646,99.0422449,"https://www.google.com/maps/search/?api=1&query=18.5962646,99.0422449&query_place_id=ChIJw2czfY8t2jARVl82XuX9a-M"
ลำพูน,เอกชน,โรงพยาบาลหริภุญชัย เมโมเรียล,18.573606,99.004915,"https://www.google.com/maps/search/?api=1&query=18.573606,99.004915&query_place_id=ChIJCbqFfFzN2zARSKmRxxTOxX0"
เลย,รัฐ,โรงพยาบาลเลย (สธ),17.487661,101.7226133,"https://www.google.com/maps/search/?api=1&query=17.487661,101.7226133&query_place_id=ChIJZQMI8exHITERyrSRcAAkmv8"
ศรีสะเกษ,รัฐ,โรงพยาบาลศรีสะเกษ (สธ),15.1161149,104.3201394,"https://www.google.com/maps/search/?api=1&query=15.1161149,104.3201394&query_place_id=ChIJAwDvx3zeFjER0drNd1LFuHE"
สกลนคร,รัฐ,โรงพยาบาลสกลนคร (สธ),17.1633998,104.1582096,"https://www.google.com/maps/search/?api=1&query=17.1633998,104.1582096&query_place_id=ChIJKwo6ni3zPDERolMp5fHD9NU"
สกลนคร,รัฐ,โรงพยาบาลสมเด็จพระยุพราชสว่างแดนดิน (สธ),17.47724,103.4579026,"https://www.google.com/maps/search/?api=1&query=17.47724,103.4579026&query_place_id=ChIJPSfv6ORTIzERdyPRODPDKKk"
สงขลา,รัฐ,โรงพยาบาลสงขลา (สธ),7.1421701,100.5664011,"https://www.google.com/maps/search/?api=1&query=7.1421701,100.5664011&query_place_id=ChIJiZb2toctTTARsEpfC70jAg8"
สงขลา,รัฐ,โรงพยาบาลสงขลานครินทร์,7.006915,100.4944626,"https://www.google.com/maps/search/?api=1&query=7.006915,100.4944626&query_place_id=ChIJUzJZxK8pTTARJz1amTULRJ8"
สงขลา,รัฐ,โรงพยาบาลหาดใหญ่ (สธ),7.0167471,100.4674982,"https://www.google.com/maps/search/?api=1&query=7.0167471,100.4674982&query_place_id=ChIJD1xaM18oTTARpnshgDri22A"
สงขลา,เอกชน,โรงพยาบาล ศิครินทร์ หาดใหญ่,7.022423,100.4697785,"https://www.google.com/maps/search/?api=1&query=7.022423,100.4697785&query_place_id=ChIJV9cC3fYoTTARgZ2yPZAC4C8"
สตูล,รัฐ,โรงพยาบาลสตูล (สธ),6.617899599999999,100.0711185,"https://www.google.com/maps/search/?api=1&query=6.617899599999999,100.0711185&query_place_id=ChIJTyERj2WNTDARTZOuxjYo-Zk"
สมุทรปราการ,รัฐ,โรงพยาบาลบางบ่อ (สธ),13.56966,100.835684,"https://www.google.com/maps/search/?api=1&query=13.56966,100.835684&query_place_id=ChIJV0UEfPVEHTERD_A8MyYTFoA"
สมุทรปราการ,รัฐ,โรงพยาบาลบางพลี (สธ),13.6038432,100.7061069,"https://www.google.com/maps/search/?api=1&query=13.6038432,100.7061069&query_place_id=ChIJzwc4y_hfHTERIasmzL9386k"
สมุทรปราการ,รัฐ,โรงพยาบาลรามาธิบดีจักรีนฤบดินทร์,13.52597,100.7610614,"https://www.google.com/maps/search/?api=1&query=13.52597,100.7610614&query_place_id=ChIJSXYBSZ5fHTER0fu_1yDq-tk"
สมุทรปราการ,รัฐ,โรงพยาบาลสมุทรปราการ (สธ),13.583728,100.5973519,"https://www.google.com/maps/search/?api=1&query=13.583728,100.5973519&query_place_id=ChIJk4HjL0in4jARt3ggjYC0l1Y"
สมุทรปราการ,เอกชน,โรงพยาบาลจุฬารัตน์ 3 อินเตอร์,13.5998401,100.7212443,"https://www.google.com/maps/search/?api=1&query=13.5998401,100.7212443&query_place_id=ChIJU31O1gxcHTERdVOPN69Ch6M"
สมุทรปราการ,เอกชน,โรงพยาบาลจุฬารัตน์ 9 แอร์พอร์ต,13.677462,100.7225039,"https://www.google.com/maps/search/?api=1&query=13.677462,100.7225039&query_place_id=ChIJjR8jRFxnHTERvo3KgpwMGuk"
สมุทรปราการ,เอกชน,โรงพยาบาลเซ็นทรัล ปาร์ค,13.6155781,100.7440668,"https://www.google.com/maps/search/?api=1&query=13.6155781,100.7440668&query_place_id=ChIJVWkDXltcHTERDULAIdnypvo"
สมุทรปราการ,เอกชน,โรงพยาบาลบางนา 2,13.5940439,100.8049758,"https://www.google.com/maps/search/?api=1&query=13.5940439,100.8049758&query_place_id=ChIJ2Q5pLVJDHTERJi3hJmuRfpY"
สมุทรปราการ,เอกชน,โรงพยาบาลบางนา 5,13.6063793,100.6880253,"https://www.google.com/maps/search/?api=1&query=13.6063793,100.6880253&query_place_id=ChIJISAWsLteHTERyby6q3jpPWQ"
สมุทรปราการ,เอกชน,โรงพยาบาลเปาโล สมุทรปราการ,13.5983245,100.6145122,"https://www.google.com/maps/search/?api=1&query=13.5983245,100.6145122&query_place_id=ChIJyxWL7aug4jARr2WWBYgVikw"
สมุทรปราการ,เอกชน,โรงพยาบาลรวมชัยประชารักษ์,13.5836394,100.8541589,"https://www.google.com/maps/search/?api=1&query=13.5836394,100.8541589&query_place_id=ChIJq9fxbIVEHTERL6Wp0gLIYKc"
สมุทรปราการ,เอกชน,โรงพยาบาลศิครินทร์ สมุทรปราการ,13.5316243,100.6310251,"https://www.google.com/maps/search/?api=1&query=13.5316243,100.6310251&query_place_id=ChIJs-v3AW5YHTERPYJJfDCCc5c"
สมุทรปราการ,เอกชน,โรงพยาบาลสำโรงการแพทย์,13.6505089,100.5940993,"https://www.google.com/maps/search/?api=1&query=13.6505089,100.5940993&query_place_id=ChIJsQb64rqh4jARFYcnMNiFTcw"
สมุทรปราการ,เอกชน,โรงพยาบาลบางปะกอก 3,13.6343027,100.528285,"https://www.google.com/maps/search/?api=1&query=13.6343027,100.528285&query_place_id=ChIJhRaPydej4jAR06RCz1H7WKU"
สมุทรปราการ,เอกชน,โรงพยาบาลเปาโล พระประแดง,13.6084608,100.5514274,"https://www.google.com/maps/search/?api=1&query=13.6084608,100.5514274&query_place_id=ChIJw4uk_0eh4jARcWL09TmHLOg"
สมุทรปราการ,เอกชน,โรงพยาบาลเมืองสมุทรปากน้ำ,13.5951855,100.601198,"https://www.google.com/maps/search/?api=1&query=13.5951855,100.601198&query_place_id=ChIJvTJ0yLSg4jAR0EHI6kmKZ-4"
สมุทรปราการ,เอกชน,โรงพยาบาลเมืองสมุทรปู่เจ้าฯ,13.6466956,100.5783807,"https://www.google.com/maps/search/?api=1&query=13.6466956,100.5783807&query_place_id=ChIJBck2Ya-h4jARddRjyeahjKc"
สมุทรสงคราม,รัฐ,โรงพยาบาลสมเด็จพระพุทธเลิศหล้า (สธ),13.4062425,99.9980347,"https://www.google.com/maps/search/?api=1&query=13.4062425,99.9980347&query_place_id=ChIJHx2l7I7T4jARMcsQ6NpsyP8"
สมุทรสาคร,รัฐ,โรงพยาบาลกระทุ่มแบน (สธ),13.654412,100.255064,"https://www.google.com/maps/search/?api=1&query=13.654412,100.255064&query_place_id=ChIJTUk5r4DA4jARNb-ctZdb_Cg"
สมุทรสาคร,รัฐ,โรงพยาบาลบ้านแพ้ว,13.5904296,100.1047494,"https://www.google.com/maps/search/?api=1&query=13.5904296,100.1047494&query_place_id=ChIJP5xwwurE4jARD3eeO9loRVg"
สมุทรสาคร,รัฐ,โรงพยาบาลสมุทรสาคร (สธ),13.5531654,100.2785698,"https://www.google.com/maps/search/?api=1&query=13.5531654,100.2785698&query_place_id=ChIJ3dKtXGa44jARthu-h46HMRk"
สมุทรสาคร,เอกชน,โรงพยาบาลวิชัยเวชฯ สมุทรสาคร,13.5757647,100.2719024,"https://www.google.com/maps/search/?api=1&query=13.5757647,100.2719024&query_place_id=ChIJ23ujw1K54jARTNK34_ybul8"
สมุทรสาคร,เอกชน,โรงพยาบาลวิชัยเวชฯ อ้อมน้อย,13.7106846,100.2915187,"https://www.google.com/maps/search/?api=1&query=13.7106846,100.2915187&query_place_id=ChIJicNJe2WV4jARVCZX_BIvs6k"
สมุทรสาคร,เอกชน,โรงพยาบาลมหาชัย 2,13.7073935,100.3011521,"https://www.google.com/maps/search/?api=1&query=13.7073935,100.3011521&query_place_id=ChIJ33gHEnmV4jAR2a6WO1r2pH4"
สมุทรสาคร,เอกชน,โรงพยาบาลมหาชัย 3,13.5566692,100.2720623,"https://www.google.com/maps/search/?api=1&query=13.5566692,100.2720623&query_place_id=ChIJT8JEpmS44jARYCvdBfGpjIQ"
สมุทรสาคร,เอกชน,โรงพยาบาลวิภาราม สมุทรสาคร,13.5388032,100.229287,"https://www.google.com/maps/search/?api=1&query=13.5388032,100.229287&query_place_id=ChIJpRywqcfH4jAR7Ym_UMtCsbE"
สระแก้ว,รัฐ,โรงพยาบาลสมเด็จพระยุพราชสระแก้ว (สธ),13.8168071,102.0722736,"https://www.google.com/maps/search/?api=1&query=13.8168071,102.0722736&query_place_id=ChIJFSNiqFh9GzERmUvp_xcwjGo"
สระบุรี,รัฐ,โรงพยาบาลพระพุทธบาท (สธ),14.7243162,100.801937,"https://www.google.com/maps/search/?api=1&query=14.7243162,100.801937&query_place_id=ChIJ9whE2yzjHTERCtbwYR6kU4A"
สระบุรี,รัฐ,โรงพยาบาลสระบุรี (สธ),14.5341609,100.9157958,"https://www.google.com/maps/search/?api=1&query=14.5341609,100.9157958&query_place_id=ChIJQd5gruLoHTERVh5nMsVxNR0"
สระบุรี,เอกชน,โรงพยาบาลเกษมราษฎร์ สระบุรี,14.5238673,100.9331322,"https://www.google.com/maps/search/?api=1&query=14.5238673,100.9331322&query_place_id=ChIJO-UPMArpHTERaittA_6Ich0"
สระบุรี,เอกชน,โรงพยาบาลราชธานี หนองแค,14.4094709,100.850132,"https://www.google.com/maps/search/?api=1&query=14.4094709,100.850132&query_place_id=ChIJv8WqPlftHTER2pCNgMa3t3M"
สิงห์บุรี,รัฐ,โรงพยาบาลสิงห์บุรี (สธ),14.8967085,100.3976201,"https://www.google.com/maps/search/?api=1&query=14.8967085,100.3976201&query_place_id=ChIJlQiXtdTw4TAR52WvgzBOeIY"
สิงห์บุรี,รัฐ,โรงพยาบาลอินทร์บุรี (สธ),14.9882313,100.334323,"https://www.google.com/maps/search/?api=1&query=14.9882313,100.334323&query_place_id=ChIJYzzcM_Tt4TARbNNn0Q2ASJs"
สุโขทัย,รัฐ,โรงพยาบาลศรีสังวรสุโขทัย (สธ),17.1662015,99.865098,"https://www.google.com/maps/search/?api=1&query=17.1662015,99.86509799999999&query_place_id=ChIJb9yyLrb93jARQQ6gB3PzviM"
สุโขทัย,รัฐ,โรงพยาบาลสุโขทัย (สธ),17.0108475,99.7960459,"https://www.google.com/maps/search/?api=1&query=17.0108475,99.7960459&query_place_id=ChIJFzwsYmFW3jARx75P7sgGUvA"
สุพรรณบุรี,รัฐ,โรงพยาบาลเจ้าพระยายมราช (สธ),14.4665543,100.1160747,"https://www.google.com/maps/search/?api=1&query=14.4665543,100.1160747&query_place_id=ChIJ_____1s44jAR3Ht1MnRe5ck"
สุพรรณบุรี,รัฐ,โรงพยาบาลสมเด็จพระสังฆราชองค์ที่ 17 (สธ),14.225216,100.0279701,"https://www.google.com/maps/search/?api=1&query=14.225216,100.0279701&query_place_id=ChIJ7_6gVtihERERZvzKBsh_nxY"
สุพรรณบุรี,รัฐ,โรงพยาบาลอู่ทอง (สธ),14.3491649,99.87218980000002,"https://www.google.com/maps/search/?api=1&query=14.3491649,99.87218980000002&query_place_id=ChIJeUljmxuz4zARoqkVYJW0ItI"
สุราษฎร์ธานี,รัฐ,โรงพยาบาลกาญจนดิษฐ์ (สธ),9.1614985,99.4928772,"https://www.google.com/maps/search/?api=1&query=9.1614985,99.4928772&query_place_id=ChIJP1PCTHoMVDARI8qCcnV7L-A"
สุราษฎร์ธานี,รัฐ,โรงพยาบาลเกาะสมุย (สธ),9.5218263,99.935496,"https://www.google.com/maps/search/?api=1&query=9.521826299999999,99.935496&query_place_id=ChIJmWj8zUT2VDARz1OtWX_tDb4"
สุราษฎร์ธานี,รัฐ,โรงพยาบาลสุราษฎร์ธานี (สธ),9.1237537,99.3100007,"https://www.google.com/maps/search/?api=1&query=9.1237537,99.31000069999999&query_place_id=ChIJgUR82fkGVDARNEXrt8Cvs00"
สุราษฎร์ธานี,เอกชน,โรงพยาบาลวัฒนแพทย์ สมุย,9.5120168,100.0135929,"https://www.google.com/maps/search/?api=1&query=9.5120168,100.0135929&query_place_id=ChIJbyZmHFDxVDARMIN9Pb1a1e0"
สุรินทร์,รัฐ,โรงพยาบาลสุรินทร์ (สธ),14.8765646,103.5027463,"https://www.google.com/maps/search/?api=1&query=14.8765646,103.5027463&query_place_id=ChIJ7WQiz0riGTERTLA6hpH6JTY"
หนองคาย,รัฐ,โรงพยาบาลสมเด็จพระยุพราชท่าบ่อ (สธ),17.8476427,102.5766152,"https://www.google.com/maps/search/?api=1&query=17.8476427,102.5766152&query_place_id=ChIJhRcGPctvJDERUttMN6mKl3Q"
หนองคาย,รัฐ,โรงพยาบาลหนองคาย (สธ),17.8815416,102.7415855,"https://www.google.com/maps/search/?api=1&query=17.8815416,102.7415855&query_place_id=ChIJ1ROhqL5jJDERUfddZsRH4EI"
หนองบัวลำภู,รัฐ,โรงพยาบาลหนองบัวลำภู (สธ),17.1988785,102.4573085,"https://www.google.com/maps/search/?api=1&query=17.1988785,102.4573085&query_place_id=ChIJZxT7b0a_IzER3k9Rj4h51Ug"
อ่างทอง,รัฐ,โรงพยาบาลอ่างทอง (สธ),14.584759,100.4521518,"https://www.google.com/maps/search/?api=1&query=14.584759,100.4521518&query_place_id=ChIJY1vg0t0P4jARPw0Zpub6ddQ"
อำนาจเจริญ,รัฐ,โรงพยาบาลอำนาจเจริญ (สธ),15.863905,104.6238505,"https://www.google.com/maps/search/?api=1&query=15.863905,104.6238505&query_place_id=ChIJVaKRMsMiFjERXqt5NJO1_Nk"
อุดรธานี,รัฐ,โรงพยาบาลกุมภวาปี (สธ),17.1046596,103.0210586,"https://www.google.com/maps/search/?api=1&query=17.1046596,103.0210586&query_place_id=ChIJtX76ErMRIzER9oIlsvFLh_o"
อุดรธานี,รัฐ,โรงพยาบาลค่ายประจักษ์ศิลปาคม,17.3699643,102.8118553,"https://www.google.com/maps/search/?api=1&query=17.3699643,102.8118553&query_place_id=ChIJI2CrlBh2IzERveT7Rl1L6BI"
อุดรธานี,รัฐ,โรงพยาบาลสมเด็จพระยุพราชบ้านดุง (สธ),17.6915901,103.2587727,"https://www.google.com/maps/search/?api=1&query=17.6915901,103.2587727&query_place_id=ChIJ1zWPpv2jJDERnzwS7I5wQwY"
อุดรธานี,รัฐ,โรงพยาบาลอุดรธานี (สธ),17.4148709,102.7804229,"https://www.google.com/maps/search/?api=1&query=17.4148709,102.7804229&query_place_id=ChIJtzMTkBSdIzERT6IlV7TVbFw"
อุตรดิตถ์,รัฐ,โรงพยาบาลอุตรดิตถ์ (สธ),17.6191351,100.0869882,"https://www.google.com/maps/search/?api=1&query=17.6191351,100.0869882&query_place_id=ChIJH7dN3xsw3zARkw_fit4NDZ0"
อุทัยธานี,รัฐ,โรงพยาบาลอุทัยธานี (สธ),15.3803419,100.0199671,"https://www.google.com/maps/search/?api=1&query=15.3803419,100.0199671&query_place_id=ChIJ0WBZWm-v4TARWNPGVxbtU8s"
อุบลราชธานี,รัฐ,โรงพยาบาลค่ายสรรพสิทธิประสงค์,15.1937294,104.8750159,"https://www.google.com/maps/search/?api=1&query=15.1937294,104.8750159&query_place_id=ChIJoxCvUHGGFjERbzwXIK5gNhQ"
อุบลราชธานี,รัฐ,โรงพยาบาลวารินชำราบ (สธ),15.1937575,104.8380668,"https://www.google.com/maps/search/?api=1&query=15.1937575,104.8380668&query_place_id=ChIJCQyXRwmGFjERCvxNeAxw8o4"
อุบลราชธานี,รัฐ,โรงพยาบาลสมเด็จพระยุพราชเดชอุดม (สธ),14.9158526,105.0612916,"https://www.google.com/maps/search/?api=1&query=14.9158526,105.0612916&query_place_id=ChIJv-wHpL0hFDERkpzf4QqOEwY"
อุบลราชธานี,รัฐ,โรงพยาบาลสรรพสิทธิประสงค์ (สธ),15.2360899,104.8654529,"https://www.google.com/maps/search/?api=1&query=15.2360899,104.8654529&query_place_id=ChIJu2cRrMuHFjERHCbiuV6CX4c"
